"filename", "language", "JSON with Comments", "TypeScript", "JavaScript", "XML", "Markdown", "JSON", "Prisma", "TypeScript JSX", "PostCSS", "WebAssembly Text Format", "comment", "blank", "total"
"c:\Users\mohit\Desktop\I\unicore_g\.agents\workflows\accept-student-invite.md", "Markdown", 0, 0, 0, 0, 33, 0, 0, 0, 0, 0, 0, 11, 44
"c:\Users\mohit\Desktop\I\unicore_g\README.md", "Markdown", 0, 0, 0, 0, 23, 0, 0, 0, 0, 0, 0, 14, 37
"c:\Users\mohit\Desktop\I\unicore_g\app\[tenant]\[...catchAll]\page.tsx", "TypeScript JSX", 0, 0, 0, 0, 0, 0, 0, 4, 0, 0, 0, 2, 6
"c:\Users\mohit\Desktop\I\unicore_g\app\[tenant]\accept-invite\page.tsx", "TypeScript JSX", 0, 0, 0, 0, 0, 0, 0, 157, 0, 0, 16, 16, 189
"c:\Users\mohit\Desktop\I\unicore_g\app\[tenant]\admin\academic-periods\AcademicPeriodManager.tsx", "TypeScript JSX", 0, 0, 0, 0, 0, 0, 0, 189, 0, 0, 1, 14, 204
"c:\Users\mohit\Desktop\I\unicore_g\app\[tenant]\admin\academic-periods\page.tsx", "TypeScript JSX", 0, 0, 0, 0, 0, 0, 0, 33, 0, 0, 1, 7, 41
"c:\Users\mohit\Desktop\I\unicore_g\app\[tenant]\admin\courses\CourseManager.tsx", "TypeScript JSX", 0, 0, 0, 0, 0, 0, 0, 228, 0, 0, 3, 16, 247
"c:\Users\mohit\Desktop\I\unicore_g\app\[tenant]\admin\courses\page.tsx", "TypeScript JSX", 0, 0, 0, 0, 0, 0, 0, 34, 0, 0, 3, 8, 45
"c:\Users\mohit\Desktop\I\unicore_g\app\[tenant]\admin\dashboard\page.tsx", "TypeScript JSX", 0, 0, 0, 0, 0, 0, 0, 67, 0, 0, 2, 11, 80
"c:\Users\mohit\Desktop\I\unicore_g\app\[tenant]\admin\departments\DepartmentManager.tsx", "TypeScript JSX", 0, 0, 0, 0, 0, 0, 0, 217, 0, 0, 3, 15, 235
"c:\Users\mohit\Desktop\I\unicore_g\app\[tenant]\admin\departments\page.tsx", "TypeScript JSX", 0, 0, 0, 0, 0, 0, 0, 28, 0, 0, 2, 7, 37
"c:\Users\mohit\Desktop\I\unicore_g\app\[tenant]\admin\exams\ExamManager.tsx", "TypeScript JSX", 0, 0, 0, 0, 0, 0, 0, 231, 0, 0, 1, 13, 245
"c:\Users\mohit\Desktop\I\unicore_g\app\[tenant]\admin\exams\page.tsx", "TypeScript JSX", 0, 0, 0, 0, 0, 0, 0, 48, 0, 0, 0, 7, 55
"c:\Users\mohit\Desktop\I\unicore_g\app\[tenant]\admin\faculty\FacultyManager.tsx", "TypeScript JSX", 0, 0, 0, 0, 0, 0, 0, 375, 0, 0, 3, 22, 400
"c:\Users\mohit\Desktop\I\unicore_g\app\[tenant]\admin\faculty\page.tsx", "TypeScript JSX", 0, 0, 0, 0, 0, 0, 0, 29, 0, 0, 2, 7, 38
"c:\Users\mohit\Desktop\I\unicore_g\app\[tenant]\admin\layout.tsx", "TypeScript JSX", 0, 0, 0, 0, 0, 0, 0, 68, 0, 0, 5, 10, 83
"c:\Users\mohit\Desktop\I\unicore_g\app\[tenant]\admin\settings\InstitutionSettingsManager.tsx", "TypeScript JSX", 0, 0, 0, 0, 0, 0, 0, 128, 0, 0, 0, 16, 144
"c:\Users\mohit\Desktop\I\unicore_g\app\[tenant]\admin\settings\page.tsx", "TypeScript JSX", 0, 0, 0, 0, 0, 0, 0, 41, 0, 0, 1, 8, 50
"c:\Users\mohit\Desktop\I\unicore_g\app\[tenant]\admin\students\StudentManager.tsx", "TypeScript JSX", 0, 0, 0, 0, 0, 0, 0, 429, 0, 0, 12, 25, 466
"c:\Users\mohit\Desktop\I\unicore_g\app\[tenant]\admin\students\page.tsx", "TypeScript JSX", 0, 0, 0, 0, 0, 0, 0, 34, 0, 0, 2, 8, 44
"c:\Users\mohit\Desktop\I\unicore_g\app\[tenant]\admin\subjects\SubjectManager.tsx", "TypeScript JSX", 0, 0, 0, 0, 0, 0, 0, 572, 0, 0, 12, 30, 614
"c:\Users\mohit\Desktop\I\unicore_g\app\[tenant]\admin\subjects\page.tsx", "TypeScript JSX", 0, 0, 0, 0, 0, 0, 0, 53, 0, 0, 4, 9, 66
"c:\Users\mohit\Desktop\I\unicore_g\app\[tenant]\error.tsx", "TypeScript JSX", 0, 0, 0, 0, 0, 0, 0, 71, 0, 0, 2, 9, 82
"c:\Users\mohit\Desktop\I\unicore_g\app\[tenant]\faculty\attendance\AttendanceManager.tsx", "TypeScript JSX", 0, 0, 0, 0, 0, 0, 0, 289, 0, 0, 4, 21, 314
"c:\Users\mohit\Desktop\I\unicore_g\app\[tenant]\faculty\attendance\page.tsx", "TypeScript JSX", 0, 0, 0, 0, 0, 0, 0, 57, 0, 0, 0, 7, 64
"c:\Users\mohit\Desktop\I\unicore_g\app\[tenant]\faculty\dashboard\page.tsx", "TypeScript JSX", 0, 0, 0, 0, 0, 0, 0, 110, 0, 0, 2, 16, 128
"c:\Users\mohit\Desktop\I\unicore_g\app\[tenant]\faculty\layout.tsx", "TypeScript JSX", 0, 0, 0, 0, 0, 0, 0, 68, 0, 0, 5, 9, 82
"c:\Users\mohit\Desktop\I\unicore_g\app\[tenant]\faculty\profile\page.tsx", "TypeScript JSX", 0, 0, 0, 0, 0, 0, 0, 117, 0, 0, 0, 11, 128
"c:\Users\mohit\Desktop\I\unicore_g\app\[tenant]\faculty\subjects\page.tsx", "TypeScript JSX", 0, 0, 0, 0, 0, 0, 0, 100, 0, 0, 1, 12, 113
"c:\Users\mohit\Desktop\I\unicore_g\app\[tenant]\layout.tsx", "TypeScript JSX", 0, 0, 0, 0, 0, 0, 0, 40, 0, 0, 7, 10, 57
"c:\Users\mohit\Desktop\I\unicore_g\app\[tenant]\login\page.tsx", "TypeScript JSX", 0, 0, 0, 0, 0, 0, 0, 21, 0, 0, 11, 6, 38
"c:\Users\mohit\Desktop\I\unicore_g\app\[tenant]\page.tsx", "TypeScript JSX", 0, 0, 0, 0, 0, 0, 0, 8, 0, 0, 1, 4, 13
"c:\Users\mohit\Desktop\I\unicore_g\app\[tenant]\setup-password\page.tsx", "TypeScript JSX", 0, 0, 0, 0, 0, 0, 0, 198, 0, 0, 0, 21, 219
"c:\Users\mohit\Desktop\I\unicore_g\app\[tenant]\student\activate\page.tsx", "TypeScript JSX", 0, 0, 0, 0, 0, 0, 0, 15, 0, 0, 1, 4, 20
"c:\Users\mohit\Desktop\I\unicore_g\app\[tenant]\student\attendance\page.tsx", "TypeScript JSX", 0, 0, 0, 0, 0, 0, 0, 96, 0, 0, 4, 15, 115
"c:\Users\mohit\Desktop\I\unicore_g\app\[tenant]\student\dashboard\page.tsx", "TypeScript JSX", 0, 0, 0, 0, 0, 0, 0, 288, 0, 0, 12, 25, 325
"c:\Users\mohit\Desktop\I\unicore_g\app\[tenant]\student\fees\page.tsx", "TypeScript JSX", 0, 0, 0, 0, 0, 0, 0, 36, 0, 0, 0, 7, 43
"c:\Users\mohit\Desktop\I\unicore_g\app\[tenant]\student\layout.tsx", "TypeScript JSX", 0, 0, 0, 0, 0, 0, 0, 68, 0, 0, 2, 9, 79
"c:\Users\mohit\Desktop\I\unicore_g\app\[tenant]\student\notices\page.tsx", "TypeScript JSX", 0, 0, 0, 0, 0, 0, 0, 83, 0, 0, 1, 10, 94
"c:\Users\mohit\Desktop\I\unicore_g\app\[tenant]\student\page.tsx", "TypeScript JSX", 0, 0, 0, 0, 0, 0, 0, 5, 0, 0, 1, 3, 9
"c:\Users\mohit\Desktop\I\unicore_g\app\[tenant]\student\profile\page.tsx", "TypeScript JSX", 0, 0, 0, 0, 0, 0, 0, 146, 0, 0, 3, 12, 161
"c:\Users\mohit\Desktop\I\unicore_g\app\[tenant]\student\subjects\page.tsx", "TypeScript JSX", 0, 0, 0, 0, 0, 0, 0, 198, 0, 0, 0, 15, 213
"c:\Users\mohit\Desktop\I\unicore_g\app\[tenant]\student\timetable\page.tsx", "TypeScript JSX", 0, 0, 0, 0, 0, 0, 0, 107, 0, 0, 2, 9, 118
"c:\Users\mohit\Desktop\I\unicore_g\app\api\academic-periods\[id]\route.ts", "TypeScript", 0, 21, 0, 0, 0, 0, 0, 0, 0, 0, 0, 5, 26
"c:\Users\mohit\Desktop\I\unicore_g\app\api\academic-periods\route.ts", "TypeScript", 0, 39, 0, 0, 0, 0, 0, 0, 0, 0, 3, 8, 50
"c:\Users\mohit\Desktop\I\unicore_g\app\api\admin\modules\toggle\route.ts", "TypeScript", 0, 43, 0, 0, 0, 0, 0, 0, 0, 0, 1, 8, 52
"c:\Users\mohit\Desktop\I\unicore_g\app\api\auth\accept-invite\route.ts", "TypeScript", 0, 101, 0, 0, 0, 0, 0, 0, 0, 0, 8, 14, 123
"c:\Users\mohit\Desktop\I\unicore_g\app\api\auth\activate\route.ts", "TypeScript", 0, 99, 0, 0, 0, 0, 0, 0, 0, 0, 9, 20, 128
"c:\Users\mohit\Desktop\I\unicore_g\app\api\auth\invite\route.ts", "TypeScript", 0, 52, 0, 0, 0, 0, 0, 0, 0, 0, 5, 14, 71
"c:\Users\mohit\Desktop\I\unicore_g\app\api\auth\login\route.ts", "TypeScript", 0, 71, 0, 0, 0, 0, 0, 0, 0, 0, 6, 13, 90
"c:\Users\mohit\Desktop\I\unicore_g\app\api\auth\logout\route.ts", "TypeScript", 0, 6, 0, 0, 0, 0, 0, 0, 0, 0, 1, 4, 11
"c:\Users\mohit\Desktop\I\unicore_g\app\api\auth\register\route.ts", "TypeScript", 0, 40, 0, 0, 0, 0, 0, 0, 0, 0, 7, 9, 56
"c:\Users\mohit\Desktop\I\unicore_g\app\api\auth\setup-password\route.ts", "TypeScript", 0, 38, 0, 0, 0, 0, 0, 0, 0, 0, 4, 10, 52
"c:\Users\mohit\Desktop\I\unicore_g\app\api\courses\route.ts", "TypeScript", 0, 62, 0, 0, 0, 0, 0, 0, 0, 0, 1, 9, 72
"c:\Users\mohit\Desktop\I\unicore_g\app\api\departments\route.ts", "TypeScript", 0, 62, 0, 0, 0, 0, 0, 0, 0, 0, 2, 12, 76
"c:\Users\mohit\Desktop\I\unicore_g\app\api\exams\[id]\eligible-students\route.ts", "TypeScript", 0, 49, 0, 0, 0, 0, 0, 0, 0, 0, 5, 8, 62
"c:\Users\mohit\Desktop\I\unicore_g\app\api\exams\route.ts", "TypeScript", 0, 51, 0, 0, 0, 0, 0, 0, 0, 0, 3, 9, 63
"c:\Users\mohit\Desktop\I\unicore_g\app\api\faculty\route.ts", "TypeScript", 0, 105, 0, 0, 0, 0, 0, 0, 0, 0, 11, 22, 138
"c:\Users\mohit\Desktop\I\unicore_g\app\api\institutions\register\route.ts", "TypeScript", 0, 56, 0, 0, 0, 0, 0, 0, 0, 0, 4, 11, 71
"c:\Users\mohit\Desktop\I\unicore_g\app\api\institutions\settings\route.ts", "TypeScript", 0, 37, 0, 0, 0, 0, 0, 0, 0, 0, 1, 8, 46
"c:\Users\mohit\Desktop\I\unicore_g\app\api\modules\attendance\mark\route.ts", "TypeScript", 0, 78, 0, 0, 0, 0, 0, 0, 0, 0, 6, 11, 95
"c:\Users\mohit\Desktop\I\unicore_g\app\api\modules\attendance\report\route.ts", "TypeScript", 0, 54, 0, 0, 0, 0, 0, 0, 0, 0, 3, 11, 68
"c:\Users\mohit\Desktop\I\unicore_g\app\api\modules\attendance\route.ts", "TypeScript", 0, 29, 0, 0, 0, 0, 0, 0, 0, 0, 8, 5, 42
"c:\Users\mohit\Desktop\I\unicore_g\app\api\modules\courses\route.ts", "TypeScript", 0, 54, 0, 0, 0, 0, 0, 0, 0, 0, 1, 11, 66
"c:\Users\mohit\Desktop\I\unicore_g\app\api\modules\departments\route.ts", "TypeScript", 0, 48, 0, 0, 0, 0, 0, 0, 0, 0, 0, 9, 57
"c:\Users\mohit\Desktop\I\unicore_g\app\api\modules\subjects\route.ts", "TypeScript", 0, 49, 0, 0, 0, 0, 0, 0, 0, 0, 3, 10, 62
"c:\Users\mohit\Desktop\I\unicore_g\app\api\students\enroll\route.ts", "TypeScript", 0, 59, 0, 0, 0, 0, 0, 0, 0, 0, 5, 11, 75
"c:\Users\mohit\Desktop\I\unicore_g\app\api\students\route.ts", "TypeScript", 0, 119, 0, 0, 0, 0, 0, 0, 0, 0, 8, 17, 144
"c:\Users\mohit\Desktop\I\unicore_g\app\api\subjects\assign\route.ts", "TypeScript", 0, 67, 0, 0, 0, 0, 0, 0, 0, 0, 5, 14, 86
"c:\Users\mohit\Desktop\I\unicore_g\app\api\subjects\route.ts", "TypeScript", 0, 133, 0, 0, 0, 0, 0, 0, 0, 0, 5, 24, 162
"c:\Users\mohit\Desktop\I\unicore_g\app\api\test\route.ts", "TypeScript", 0, 5, 0, 0, 0, 0, 0, 0, 0, 0, 0, 1, 6
"c:\Users\mohit\Desktop\I\unicore_g\app\globals.css", "PostCSS", 0, 0, 0, 0, 0, 0, 0, 0, 270, 0, 4, 34, 308
"c:\Users\mohit\Desktop\I\unicore_g\app\layout.tsx", "TypeScript JSX", 0, 0, 0, 0, 0, 0, 0, 40, 0, 0, 0, 8, 48
"c:\Users\mohit\Desktop\I\unicore_g\app\login\page.tsx", "TypeScript JSX", 0, 0, 0, 0, 0, 0, 0, 295, 0, 0, 11, 30, 336
"c:\Users\mohit\Desktop\I\unicore_g\app\not-found.tsx", "TypeScript JSX", 0, 0, 0, 0, 0, 0, 0, 67, 0, 0, 41, 13, 121
"c:\Users\mohit\Desktop\I\unicore_g\app\page.tsx", "TypeScript JSX", 0, 0, 0, 0, 0, 0, 0, 28, 0, 0, 0, 2, 30
"c:\Users\mohit\Desktop\I\unicore_g\app\register\page.tsx", "TypeScript JSX", 0, 0, 0, 0, 0, 0, 0, 144, 0, 0, 2, 20, 166
"c:\Users\mohit\Desktop\I\unicore_g\app\student\activate\page.tsx", "TypeScript JSX", 0, 0, 0, 0, 0, 0, 0, 217, 0, 0, 8, 23, 248
"c:\Users\mohit\Desktop\I\unicore_g\components\admin\CSVUpload.tsx", "TypeScript JSX", 0, 0, 0, 0, 0, 0, 0, 221, 0, 0, 2, 17, 240
"c:\Users\mohit\Desktop\I\unicore_g\components\admin\InviteUser.tsx", "TypeScript JSX", 0, 0, 0, 0, 0, 0, 0, 111, 0, 0, 1, 16, 128
"c:\Users\mohit\Desktop\I\unicore_g\components\admin\modules\ModuleManager.tsx", "TypeScript JSX", 0, 0, 0, 0, 0, 0, 0, 120, 0, 0, 2, 12, 134
"c:\Users\mohit\Desktop\I\unicore_g\components\auth\AcceptInviteForm.tsx", "TypeScript JSX", 0, 0, 0, 0, 0, 0, 0, 231, 0, 0, 0, 22, 253
"c:\Users\mohit\Desktop\I\unicore_g\components\auth\LogoutButton.tsx", "TypeScript JSX", 0, 0, 0, 0, 0, 0, 0, 45, 0, 0, 0, 7, 52
"c:\Users\mohit\Desktop\I\unicore_g\components\auth\StudentLoginForm.tsx", "TypeScript JSX", 0, 0, 0, 0, 0, 0, 0, 281, 0, 0, 9, 24, 314
"c:\Users\mohit\Desktop\I\unicore_g\components\landing\CTA.tsx", "TypeScript JSX", 0, 0, 0, 0, 0, 0, 0, 42, 0, 0, 2, 7, 51
"c:\Users\mohit\Desktop\I\unicore_g\components\landing\Features.tsx", "TypeScript JSX", 0, 0, 0, 0, 0, 0, 0, 108, 0, 0, 2, 4, 114
"c:\Users\mohit\Desktop\I\unicore_g\components\landing\Footer.tsx", "TypeScript JSX", 0, 0, 0, 0, 0, 0, 0, 95, 0, 0, 3, 7, 105
"c:\Users\mohit\Desktop\I\unicore_g\components\landing\Hero.tsx", "TypeScript JSX", 0, 0, 0, 0, 0, 0, 0, 129, 0, 0, 11, 12, 152
"c:\Users\mohit\Desktop\I\unicore_g\components\landing\HowItWorks.tsx", "TypeScript JSX", 0, 0, 0, 0, 0, 0, 0, 79, 0, 0, 4, 5, 88
"c:\Users\mohit\Desktop\I\unicore_g\components\landing\Modules.tsx", "TypeScript JSX", 0, 0, 0, 0, 0, 0, 0, 118, 0, 0, 1, 6, 125
"c:\Users\mohit\Desktop\I\unicore_g\components\landing\Navbar.tsx", "TypeScript JSX", 0, 0, 0, 0, 0, 0, 0, 152, 0, 0, 10, 14, 176
"c:\Users\mohit\Desktop\I\unicore_g\components\landing\Pricing.tsx", "TypeScript JSX", 0, 0, 0, 0, 0, 0, 0, 136, 0, 0, 1, 8, 145
"c:\Users\mohit\Desktop\I\unicore_g\components\landing\Stats.tsx", "TypeScript JSX", 0, 0, 0, 0, 0, 0, 0, 32, 0, 0, 0, 2, 34
"c:\Users\mohit\Desktop\I\unicore_g\components\landing\Testimonials.tsx", "TypeScript JSX", 0, 0, 0, 0, 0, 0, 0, 79, 0, 0, 1, 6, 86
"c:\Users\mohit\Desktop\I\unicore_g\components\layout\forbidden.tsx", "TypeScript JSX", 0, 0, 0, 0, 0, 0, 0, 60, 0, 0, 1, 8, 69
"c:\Users\mohit\Desktop\I\unicore_g\components\layout\sidebar-context.tsx", "TypeScript JSX", 0, 0, 0, 0, 0, 0, 0, 29, 0, 0, 1, 9, 39
"c:\Users\mohit\Desktop\I\unicore_g\components\layout\sidebar.tsx", "TypeScript JSX", 0, 0, 0, 0, 0, 0, 0, 335, 0, 0, 1, 15, 351
"c:\Users\mohit\Desktop\I\unicore_g\components\layout\topbar.tsx", "TypeScript JSX", 0, 0, 0, 0, 0, 0, 0, 58, 0, 0, 4, 9, 71
"c:\Users\mohit\Desktop\I\unicore_g\components\student\attendance-chart.tsx", "TypeScript JSX", 0, 0, 0, 0, 0, 0, 0, 97, 0, 0, 0, 7, 104
"c:\Users\mohit\Desktop\I\unicore_g\components\theme-provider.tsx", "TypeScript JSX", 0, 0, 0, 0, 0, 0, 0, 9, 0, 0, 0, 3, 12
"c:\Users\mohit\Desktop\I\unicore_g\components\theme-toggle.tsx", "TypeScript JSX", 0, 0, 0, 0, 0, 0, 0, 17, 0, 0, 0, 4, 21
"c:\Users\mohit\Desktop\I\unicore_g\components\ui\badge.tsx", "TypeScript JSX", 0, 0, 0, 0, 0, 0, 0, 35, 0, 0, 0, 5, 40
"c:\Users\mohit\Desktop\I\unicore_g\components\ui\button.tsx", "TypeScript JSX", 0, 0, 0, 0, 0, 0, 0, 51, 0, 0, 0, 5, 56
"c:\Users\mohit\Desktop\I\unicore_g\components\ui\card.tsx", "TypeScript JSX", 0, 0, 0, 0, 0, 0, 0, 71, 0, 0, 0, 8, 79
"c:\Users\mohit\Desktop\I\unicore_g\components\ui\input.tsx", "TypeScript JSX", 0, 0, 0, 0, 0, 0, 0, 21, 0, 0, 0, 4, 25
"c:\Users\mohit\Desktop\I\unicore_g\components\ui\select.tsx", "TypeScript JSX", 0, 0, 0, 0, 0, 0, 0, 146, 0, 0, 0, 15, 161
"c:\Users\mohit\Desktop\I\unicore_g\components\ui\switch.tsx", "TypeScript JSX", 0, 0, 0, 0, 0, 0, 0, 25, 0, 0, 0, 5, 30
"c:\Users\mohit\Desktop\I\unicore_g\components\ui\table.tsx", "TypeScript JSX", 0, 0, 0, 0, 0, 0, 0, 107, 0, 0, 0, 10, 117
"c:\Users\mohit\Desktop\I\unicore_g\eslint.config.mjs", "JavaScript", 0, 0, 14, 0, 0, 0, 0, 0, 0, 0, 2, 3, 19
"c:\Users\mohit\Desktop\I\unicore_g\generated\prisma\client.d.ts", "TypeScript", 0, 1, 0, 0, 0, 0, 0, 0, 0, 0, 0, 0, 1
"c:\Users\mohit\Desktop\I\unicore_g\generated\prisma\client.js", "JavaScript", 0, 0, 1, 0, 0, 0, 0, 0, 0, 0, 3, 1, 5
"c:\Users\mohit\Desktop\I\unicore_g\generated\prisma\default.d.ts", "TypeScript", 0, 1, 0, 0, 0, 0, 0, 0, 0, 0, 0, 0, 1
"c:\Users\mohit\Desktop\I\unicore_g\generated\prisma\default.js", "JavaScript", 0, 0, 1, 0, 0, 0, 0, 0, 0, 0, 3, 1, 5
"c:\Users\mohit\Desktop\I\unicore_g\generated\prisma\edge.d.ts", "TypeScript", 0, 1, 0, 0, 0, 0, 0, 0, 0, 0, 0, 0, 1
"c:\Users\mohit\Desktop\I\unicore_g\generated\prisma\edge.js", "JavaScript", 0, 0, 395, 0, 0, 0, 0, 0, 0, 0, 22, 61, 478
"c:\Users\mohit\Desktop\I\unicore_g\generated\prisma\index-browser.js", "JavaScript", 0, 0, 419, 0, 0, 0, 0, 0, 0, 0, 22, 63, 504
"c:\Users\mohit\Desktop\I\unicore_g\generated\prisma\index.d.ts", "TypeScript", 0, 17419, 0, 0, 0, 0, 0, 0, 0, 0, 9877, 2502, 29798
"c:\Users\mohit\Desktop\I\unicore_g\generated\prisma\index.js", "JavaScript", 0, 0, 394, 0, 0, 0, 0, 0, 0, 0, 22, 62, 478
"c:\Users\mohit\Desktop\I\unicore_g\generated\prisma\package.json", "JSON", 0, 0, 0, 0, 0, 144, 0, 0, 0, 0, 0, 0, 144
"c:\Users\mohit\Desktop\I\unicore_g\generated\prisma\query_compiler_fast_bg.js", "JavaScript", 0, 0, 2, 0, 0, 0, 0, 0, 0, 0, 0, 1, 3
"c:\Users\mohit\Desktop\I\unicore_g\generated\prisma\query_compiler_fast_bg.wasm", "WebAssembly Text Format", 0, 0, 0, 0, 0, 0, 0, 0, 0, 87811, 0, 2015, 89826
"c:\Users\mohit\Desktop\I\unicore_g\generated\prisma\query_compiler_fast_bg.wasm-base64.js", "JavaScript", 0, 0, 2, 0, 0, 0, 0, 0, 0, 0, 0, 1, 3
"c:\Users\mohit\Desktop\I\unicore_g\generated\prisma\runtime\client.d.ts", "TypeScript", 0, 2133, 0, 0, 0, 0, 0, 0, 0, 0, 836, 390, 3359
"c:\Users\mohit\Desktop\I\unicore_g\generated\prisma\runtime\client.js", "JavaScript", 0, 0, 62, 0, 0, 0, 0, 0, 0, 0, 9, 16, 87
"c:\Users\mohit\Desktop\I\unicore_g\generated\prisma\runtime\index-browser.d.ts", "TypeScript", 0, 52, 0, 0, 0, 0, 0, 0, 0, 0, 16, 23, 91
"c:\Users\mohit\Desktop\I\unicore_g\generated\prisma\runtime\index-browser.js", "JavaScript", 0, 0, 1, 0, 0, 0, 0, 0, 0, 0, 4, 2, 7
"c:\Users\mohit\Desktop\I\unicore_g\generated\prisma\runtime\wasm-compiler-edge.js", "JavaScript", 0, 0, 57, 0, 0, 0, 0, 0, 0, 0, 4, 16, 77
"c:\Users\mohit\Desktop\I\unicore_g\generated\prisma\schema.prisma", "Prisma", 0, 0, 0, 0, 0, 0, 295, 0, 0, 0, 1, 52, 348
"c:\Users\mohit\Desktop\I\unicore_g\generated\prisma\wasm-edge-light-loader.mjs", "JavaScript", 0, 0, 1, 0, 0, 0, 0, 0, 0, 0, 3, 1, 5
"c:\Users\mohit\Desktop\I\unicore_g\generated\prisma\wasm-worker-loader.mjs", "JavaScript", 0, 0, 1, 0, 0, 0, 0, 0, 0, 0, 3, 1, 5
"c:\Users\mohit\Desktop\I\unicore_g\lib\auth-middleware.ts", "TypeScript", 0, 45, 0, 0, 0, 0, 0, 0, 0, 0, 10, 10, 65
"c:\Users\mohit\Desktop\I\unicore_g\lib\auth-server.ts", "TypeScript", 0, 10, 0, 0, 0, 0, 0, 0, 0, 0, 4, 4, 18
"c:\Users\mohit\Desktop\I\unicore_g\lib\auth.ts", "TypeScript", 0, 26, 0, 0, 0, 0, 0, 0, 0, 0, 12, 7, 45
"c:\Users\mohit\Desktop\I\unicore_g\lib\config.ts", "TypeScript", 0, 12, 0, 0, 0, 0, 0, 0, 0, 0, 9, 5, 26
"c:\Users\mohit\Desktop\I\unicore_g\lib\currentUser.ts", "TypeScript", 0, 22, 0, 0, 0, 0, 0, 0, 0, 0, 0, 5, 27
"c:\Users\mohit\Desktop\I\unicore_g\lib\db\index.ts", "TypeScript", 0, 12, 0, 0, 0, 0, 0, 0, 0, 0, 7, 7, 26
"c:\Users\mohit\Desktop\I\unicore_g\lib\mail.ts", "TypeScript", 0, 101, 0, 0, 0, 0, 0, 0, 0, 0, 11, 8, 120
"c:\Users\mohit\Desktop\I\unicore_g\lib\modules\loader.ts", "TypeScript", 0, 39, 0, 0, 0, 0, 0, 0, 0, 0, 20, 9, 68
"c:\Users\mohit\Desktop\I\unicore_g\lib\modules\module-guard.ts", "TypeScript", 0, 9, 0, 0, 0, 0, 0, 0, 0, 0, 4, 3, 16
"c:\Users\mohit\Desktop\I\unicore_g\lib\modules\registry.ts", "TypeScript", 0, 99, 0, 0, 0, 0, 0, 0, 0, 0, 2, 3, 104
"c:\Users\mohit\Desktop\I\unicore_g\lib\services\subject-service.ts", "TypeScript", 0, 23, 0, 0, 0, 0, 0, 0, 0, 0, 4, 7, 34
"c:\Users\mohit\Desktop\I\unicore_g\lib\tenant.ts", "TypeScript", 0, 53, 0, 0, 0, 0, 0, 0, 0, 0, 15, 11, 79
"c:\Users\mohit\Desktop\I\unicore_g\lib\tenant\resolver.ts", "TypeScript", 0, 19, 0, 0, 0, 0, 0, 0, 0, 0, 0, 4, 23
"c:\Users\mohit\Desktop\I\unicore_g\lib\utils.ts", "TypeScript", 0, 5, 0, 0, 0, 0, 0, 0, 0, 0, 3, 2, 10
"c:\Users\mohit\Desktop\I\unicore_g\lib\utils\academic.ts", "TypeScript", 0, 37, 0, 0, 0, 0, 0, 0, 0, 0, 2, 6, 45
"c:\Users\mohit\Desktop\I\unicore_g\modules\attendance\index.ts", "TypeScript", 0, 12, 0, 0, 0, 0, 0, 0, 0, 0, 5, 3, 20
"c:\Users\mohit\Desktop\I\unicore_g\next.config.ts", "TypeScript", 0, 5, 0, 0, 0, 0, 0, 0, 0, 0, 1, 3, 9
"c:\Users\mohit\Desktop\I\unicore_g\package-lock.json", "JSON", 0, 0, 0, 0, 0, 9015, 0, 0, 0, 0, 0, 1, 9016
"c:\Users\mohit\Desktop\I\unicore_g\package.json", "JSON", 0, 0, 0, 0, 0, 47, 0, 0, 0, 0, 0, 1, 48
"c:\Users\mohit\Desktop\I\unicore_g\postcss.config.mjs", "JavaScript", 0, 0, 6, 0, 0, 0, 0, 0, 0, 0, 0, 2, 8
"c:\Users\mohit\Desktop\I\unicore_g\prisma.config.ts", "TypeScript", 0, 11, 0, 0, 0, 0, 0, 0, 0, 0, 2, 2, 15
"c:\Users\mohit\Desktop\I\unicore_g\prisma\schema.prisma", "Prisma", 0, 0, 0, 0, 0, 0, 295, 0, 0, 0, 1, 52, 348
"c:\Users\mohit\Desktop\I\unicore_g\proxy.ts", "TypeScript", 0, 29, 0, 0, 0, 0, 0, 0, 0, 0, 15, 10, 54
"c:\Users\mohit\Desktop\I\unicore_g\public\file.svg", "XML", 0, 0, 0, 1, 0, 0, 0, 0, 0, 0, 0, 0, 1
"c:\Users\mohit\Desktop\I\unicore_g\public\globe.svg", "XML", 0, 0, 0, 1, 0, 0, 0, 0, 0, 0, 0, 0, 1
"c:\Users\mohit\Desktop\I\unicore_g\public\next.svg", "XML", 0, 0, 0, 1, 0, 0, 0, 0, 0, 0, 0, 0, 1
"c:\Users\mohit\Desktop\I\unicore_g\public\vercel.svg", "XML", 0, 0, 0, 1, 0, 0, 0, 0, 0, 0, 0, 0, 1
"c:\Users\mohit\Desktop\I\unicore_g\public\window.svg", "XML", 0, 0, 0, 1, 0, 0, 0, 0, 0, 0, 0, 0, 1
"c:\Users\mohit\Desktop\I\unicore_g\scripts\migrate-subjects.js", "JavaScript", 0, 0, 18, 0, 0, 0, 0, 0, 0, 0, 2, 4, 24
"c:\Users\mohit\Desktop\I\unicore_g\scripts\migrate-subjects.ts", "TypeScript", 0, 16, 0, 0, 0, 0, 0, 0, 0, 0, 3, 6, 25
"c:\Users\mohit\Desktop\I\unicore_g\tailwind.config.ts", "TypeScript", 0, 60, 0, 0, 0, 0, 0, 0, 0, 0, 0, 3, 63
"c:\Users\mohit\Desktop\I\unicore_g\tsconfig.json", "JSON with Comments", 34, 0, 0, 0, 0, 0, 0, 0, 0, 0, 0, 1, 35
"c:\Users\mohit\Desktop\I\unicore_g\verify-db.js", "JavaScript", 0, 0, 35, 0, 0, 0, 0, 0, 0, 0, 0, 6, 41
"c:\Users\mohit\Desktop\I\unicore_g\verify-db.ts", "TypeScript", 0, 26, 0, 0, 0, 0, 0, 0, 0, 0, 0, 5, 31
"Total", "-", 34, 21905, 1409, 5, 56, 9206, 590, 8917, 270, 87811, 11328, 6626, 148157